,Date,Coach,Weather,Division,Roof_open,Themed_games,Holiday,Holiday_five_days,Time_of_day,day_of_week,sunday,merch_give_away,events (Y/N)
1,8/15/21,Reich,Sunny,Div_N,Open,Theme_Yes,Hol_No,Hol_five_No,1:00 PM,Sunday,Sun_Yes,Merch_No,other_events_Yes
2,9/12/21,Reich,Sunny,Div_N,Closed,Theme_Yes,Hol_No,Hol_five_No,1:00 PM,Sunday ,Sun_Yes,Merch_No,other_events_No
3,9/19/21,Reich,Sunny,Div_N,Closed,Theme_Yes,Hol_No,Hol_five_No,1:00 PM,Sunday ,Sun_Yes,Merch_No,other_events_No
4,10/17/21,Reich,Sunny,Div_Y,Open,Theme_Yes,Hol_No,Hol_five_No,1:00 PM,Sunday ,Sun_Yes,Mercch_Yes,other_events_No
5,10/31/21,Reich,Sunny,Div_Y,Open,Theme_Yes,Hol_No,Hol_five_Yes,1:00 PM,Sunday ,Sun_Yes,Mercch_Yes,other_events_Yes
6,11/4/21,Reich,Sunny,Div_N,Closed,Theme_Yes,Hol_No,Hol_five_Yes,8:20 PM,Thursday,Sun_No,Mercch_Yes,other_events_No
7,11/14/21,Reich,Cloudy,Div_Y,Closed,Theme_Yes,Hol_No,Hol_five_Yes,1:00 PM,Sunday ,Sun_Yes,Mercch_Yes,other_events_No
8,11/28/21,Reich,Sunny,Div_N,Closed,Theme_Yes,Hol_No,Hol_five_Yes,1:00 PM,Sunday ,Sun_Yes,Mercch_Yes,other_events_Yes
9,12/18/21,Reich,Cloudy,Div_N,Closed,Theme_Yes,Hol_No,Hol_five_No,8:20 PM,Saturday,Sun_No,Mercch_Yes,other_events_Yes
10,1/2/22,Reich,Cloudy,Div_N,Closed,Theme_Yes,Hol_No,Hol_five_Yes,1:00 PM,Sunday ,Sun_Yes,Mercch_Yes,other_events_No
11,8/20/22,Reich,Sunny,Div_N,Open,Theme_Yes,Hol_No,Hol_five_No,1:00 PM,Saturday,Sun_No,Mercch_Yes,other_events_Yes
12,8/27/22,Reich,Sunny,Div_N,Open,Theme_Yes,Hol_No,Hol_five_No,7:30 PM,Saturday,Sun_No,Merch_No,other_events_Yes
13,9/25/22,Reich,Sunny,Div_N,Open,Theme_Yes,Hol_No,Hol_five_No,1:00 PM,Sunday ,Sun_Yes,Mercch_Yes,other_events_No
14,10/2/22,Reich,Sunny,Div_Y,Open,Theme_Yes,Hol_No,Hol_five_No,1:00 PM,Sunday ,Sun_Yes,Mercch_Yes,other_events_Yes
15,10/16/22,Saturday,Sunny,Div_Y,Open,Theme_Yes,Hol_No,Hol_five_No,1:00 PM,Sunday ,Sun_Yes,Mercch_Yes,other_events_Yes
16,10/30/22,Saturday,Cloudy,Div_N,Closed,Theme_Yes,Hol_No,Hol_five_Yes,4:25 PM,Sunday ,Sun_Yes,Mercch_Yes,other_events_No
17,11/20/22,Saturday,Sunny,Div_N,Closed,Theme_Yes,Hol_No,Hol_five_Yes,1:00 PM,Sunday ,Sun_Yes,Mercch_Yes,other_events_Yes
18,11/28/22,Saturday,Cloudy,Div_N,Closed,Theme_Yes,Hol_No,Hol_five_Yes,8:15 PM,Monday,Sun_No,Mercch_Yes,other_events_Yes
19,12/26/22,Saturday,Sunny,Div_N,Closed,Theme_Yes,Hol_No,Hol_five_Yes,8:15 PM,Monday,Sun_No,Mercch_Yes,other_events_No
20,1/8/23,Saturday,Sunny,Div_Y,Closed,Theme_Yes,Hol_No,Hol_five_Yes,1:00 PM,Sunday ,Sun_Yes,Mercch_Yes,other_events_Yes